site,type,age,d13
1262,bulk,65.007366,2.159746651
1262,bulk,65.014902,2.011699805
1262,bulk,65.029976,2.137767166
1262,bulk,65.036565,2.066267977
1262,bulk,65.041258,1.856665484
1262,bulk,65.045952,1.825733066
1262,bulk,65.050645,2.0390351
1262,bulk,65.055339,2.011729611
1262,bulk,65.060032,2.088389105
1262,bulk,65.061597,1.983641702
1262,bulk,65.070984,2.006882023
1262,bulk,65.075677,2.016696343
1262,bulk,65.080371,2.008952198
1262,bulk,65.085065,2.124409506
1262,bulk,65.089758,2.140598761
1262,bulk,65.094452,1.939157378
1262,bulk,65.099145,2.015732233
1262,bulk,65.103839,2.088701559
1262,bulk,65.108532,2.038291743
1262,bulk,65.113226,1.953317335
1262,bulk,65.117919,1.874723527
1262,bulk,65.122613,2.003631599
1262,bulk,65.127306,1.808403398
1262,bulk,65.132,1.986242478
1262,bulk,65.136227,2.045192522
1262,bulk,65.140455,1.884820906
1262,bulk,65.148909,1.759693864
1262,bulk,65.153136,1.821472703
1262,bulk,65.157364,1.90475262
1262,bulk,65.161591,1.83895628
1262,bulk,65.165818,1.796561895
1262,bulk,65.170045,1.839805629
1262,bulk,65.174273,1.92071985
1262,bulk,65.1785,1.731550653
1262,bulk,65.182727,1.775552823
1262,bulk,65.186955,1.665562402
1262,bulk,65.191182,1.753252486
1262,bulk,65.195409,1.627895403
1262,bulk,65.199636,1.594475125
1262,bulk,65.205273,1.705077841
1262,bulk,65.2095,1.613755722
1262,bulk,65.241,1.418719025
1262,bulk,65.253,1.427736791
1262,bulk,65.265,1.696081204
1262,bulk,65.277,1.640764423
1262,bulk,65.289,1.835115733
1262,bulk,65.301,1.562083001
1262,bulk,65.313,1.286562762
1262,bulk,65.325,1.264977632
1262,bulk,65.33775,1.260131005
1262,bulk,65.343,1.493467509
1262,bulk,65.34825,1.448253431
1262,bulk,65.3535,1.479139856
1262,bulk,65.35875,1.405521409
1262,bulk,65.364,1.35421532
1262,bulk,65.36925,1.546939436
1262,bulk,65.3745,1.563410048
1262,bulk,65.37975,1.650080082
1262,bulk,65.385,1.552057786
1262,bulk,65.392,1.559694148
1262,bulk,65.39725,1.481179541
1262,bulk,65.4025,1.406226997
1262,bulk,65.40775,1.457332889
1262,bulk,65.413,1.376495698
1262,bulk,65.41825,1.43300621
1262,bulk,65.4235,1.26223333
1262,bulk,65.42875,1.239992188
1262,bulk,65.434,1.15949531
1262,bulk,65.440065,1.321916978
1262,bulk,65.44613,1.308401524
1262,bulk,65.452196,1.393399948
1262,bulk,65.458261,1.386524026
1262,bulk,65.464326,1.349901205
1262,bulk,65.470391,1.472069033
1262,bulk,65.476457,1.563965204
1262,bulk,65.482522,1.459902848
1262,bulk,65.488587,1.456100875
1262,bulk,65.494652,1.448902534
1262,bulk,65.500717,1.485629377
1262,bulk,65.506783,1.473968609
1262,bulk,65.512848,1.513274191
1262,bulk,65.518913,1.522249946
1262,bulk,65.524978,1.558490266
1262,bulk,65.530524,1.517576233
1262,bulk,65.53581,1.577894248
1262,bulk,65.541095,1.545976363
1262,bulk,65.546381,1.623341286
1262,bulk,65.551667,1.622261354
1262,bulk,65.556952,1.58131877
1262,bulk,65.562238,1.57205988
1262,bulk,65.567524,1.494271839
1262,bulk,65.57281,1.547743916
1262,bulk,65.57369,1.466975193
1262,bulk,65.575159,1.41184925
1262,bulk,65.576627,1.400115047
1262,bulk,65.578095,1.342040306
1262,bulk,65.579563,1.338114163
1262,bulk,65.581032,1.39829465
1262,bulk,65.5825,1.340336243
1262,bulk,65.583968,1.365774569
1262,bulk,65.585437,1.253745283
1262,bulk,65.586905,1.360570017
1262,bulk,65.588373,1.276491737
1262,bulk,65.589841,1.258049997
1262,bulk,65.59131,1.114819547
1262,bulk,65.592778,1.199799645
1262,bulk,65.594246,1.261573733
1262,bulk,65.595714,1.209188972
1262,bulk,65.597182,1.329371526
1262,bulk,65.598651,1.284165882
1262,bulk,65.600119,1.104202836
1262,bulk,65.601841,1.356118204
1262,bulk,65.603945,1.243159499
1262,bulk,65.606048,1.023860888
1262,bulk,65.60896,1.229940074
1262,bulk,65.611872,1.100237091
1262,bulk,65.614784,1.311668826
1262,bulk,65.617696,1.310215574
1262,bulk,65.620608,1.114246006
1262,bulk,65.62352,1.225810028
1262,bulk,65.626432,1.480290267
1262,bulk,65.629344,1.325056546
1262,bulk,65.632256,1.395833468
1262,bulk,65.635169,1.359139892
1262,bulk,65.638081,1.279178192
1262,bulk,65.640993,1.490430172
1262,bulk,65.643905,1.420418917
1262,bulk,65.645938,1.650789447
1262,bulk,65.647971,1.447779106
1262,bulk,65.650004,1.249415904
1262,bulk,65.652037,1.263439783
1262,bulk,65.65407,1.434844298
1262,bulk,65.656103,1.304540699
1262,bulk,65.658136,1.294802721
1262,bulk,65.660169,1.334095546
1262,bulk,65.662202,1.419774234
1262,bulk,65.664236,1.170582896
1262,bulk,65.666268,1.336213665
1262,bulk,65.668302,1.312619965
1262,bulk,65.670335,1.161155047
1262,bulk,65.672368,1.128938542
1262,bulk,65.674401,1.255651965
1262,bulk,65.676434,1.149694509
1262,bulk,65.678467,1.16425
1262,bulk,65.6805,1.188250856
1262,bulk,65.682533,1.155948692
1262,bulk,65.684566,1.140030416
1262,bulk,65.686599,1.21884869
1262,bulk,65.688632,1.097158311
1262,bulk,65.690665,0.943961991
1262,bulk,65.692698,0.974875
1262,bulk,65.694732,0.963125
1262,bulk,65.696764,1.13239652
1262,bulk,65.698798,0.765661818
1262,bulk,65.700831,0.693767219
1262,bulk,65.702864,1.067391023
1262,bulk,65.704897,1.127621017
1262,bulk,65.70693,0.752776965
1262,bulk,65.710267,0.945462773
1262,bulk,65.71365,0.887595805
1262,bulk,65.717033,1.049263332
1262,bulk,65.720416,0.938697395
1262,bulk,65.7238,0.95413456
1262,bulk,65.728,0.940387307
1262,bulk,65.7322,1.298186191
1262,bulk,65.7364,0.978024832
1262,bulk,65.7406,0.988800014
1262,bulk,65.7448,1.070897304
1262,bulk,65.749,1.02254445
1262,bulk,65.7532,1.123330847
1262,bulk,65.7574,1.056851868
1262,bulk,65.7616,1.097790717
1262,bulk,65.7658,1.011428209
1262,bulk,65.77,1.000611219
1262,bulk,65.7742,1.053641168
1262,bulk,65.7784,0.99592179
1262,bulk,65.7826,1.09737619
1262,bulk,65.7868,0.903437913
1262,bulk,65.791,0.891076489
1262,bulk,65.7952,0.91033373
1262,bulk,65.7994,0.591122493
1262,bulk,65.8036,0.970599762
1262,bulk,65.8078,0.862942494
1262,bulk,65.812,0.83040062
1262,bulk,65.81425,0.601886608
1262,bulk,65.8165,0.738924605
1262,bulk,65.81875,0.583083035
1262,bulk,65.821,0.690479657
1262,bulk,65.82325,0.728022899
1262,bulk,65.8255,0.719528284
1262,bulk,65.82775,1.04587285
1262,bulk,65.83,0.94254523
1262,bulk,65.83225,1.210484523
1262,bulk,65.8345,1.094377655
1262,bulk,65.83675,1.01965926
1262,bulk,65.839,1.127030583
1262,bulk,65.84125,1.180790845
1262,bulk,65.8435,1.250735478
1262,bulk,65.84575,1.32269809
1262,bulk,65.848,1.41370399
1262,bulk,65.85025,1.204206895
1262,bulk,65.8525,1.273440585
1262,bulk,65.85475,1.304330804
1262,bulk,65.857,1.260673445
1262,bulk,65.85925,1.400989342
1262,bulk,65.86375,1.394461472
1262,bulk,65.866,1.473805197
1262,bulk,65.86825,1.396192902
1262,bulk,65.8705,1.512445439
1262,bulk,65.87275,1.466470122
1262,bulk,65.875,1.500129697
1262,bulk,65.87725,1.512114043
1262,bulk,65.8795,1.549127521
1262,bulk,65.88175,1.483081777
1262,bulk,65.884,1.567441665
1262,bulk,65.88625,1.548644624
1262,bulk,65.8885,1.566070475
1262,bulk,65.89075,1.549075786
1262,bulk,65.893,1.576854175
1262,bulk,65.89525,1.457194323
1262,bulk,65.8975,1.498597418
1262,bulk,65.89975,1.536571603
1262,bulk,65.902,1.545762879
1262,bulk,65.90425,1.667585864
1262,bulk,65.9065,1.517467445
1262,bulk,65.90875,1.604901431
1262,bulk,65.911,1.592516309
1262,bulk,65.913184,1.523218088
1262,bulk,65.915368,1.536851966
1262,bulk,65.917553,1.408238539
1262,bulk,65.919737,1.462619876
1262,bulk,65.921921,1.56398094
1262,bulk,65.924105,1.473406055
1262,bulk,65.926289,1.63460256
1262,bulk,65.928474,1.498473824
1262,bulk,65.930658,1.596540306
1262,bulk,65.932842,1.713069106
1262,bulk,65.935026,1.655112548
1262,bulk,65.937211,1.689030314
1262,bulk,65.941579,1.972527573
1262,bulk,65.943763,1.815453077
1262,bulk,65.945947,1.855587871
1262,bulk,65.9525,1.962795805
1262,bulk,65.954684,1.864576419
1262,bulk,65.956868,1.854087306
1262,bulk,65.963421,1.725303936
1262,bulk,65.965605,1.741019266
1262,bulk,65.967789,2.083884694
1262,bulk,65.969974,1.8784822
1262,bulk,65.972158,1.995032831
1262,bulk,65.974342,2.01411701
1262,bulk,65.976526,2.003107681
1262,bulk,65.978711,1.915802517
1262,bulk,65.980895,1.964403519
1262,bulk,65.983079,2.026848891
1262,bulk,65.985263,2.025316593
1262,bulk,65.987447,1.844998215
1262,bulk,65.989632,1.992336058
1262,bulk,65.991816,1.900272334
1262,bulk,65.994,2.089323244
1262,bulk,65.994651,2.014046664
1262,bulk,65.995302,1.955094427
1262,bulk,65.995953,2.062673424
1262,bulk,65.996605,1.922735582
1262,bulk,65.997256,2.026132112
1262,bulk,65.997907,2.04690459
1262,bulk,65.998558,2.11984822
1262,bulk,65.999209,2.252668554
1262,bulk,65.99986,2.270883291
1262,bulk,66.000512,2.383847075
1262,bulk,66.001163,2.129268457
1262,bulk,66.001814,2.233423487
1262,bulk,66.002465,2.260534226
1262,bulk,66.003116,2.277187586
1262,bulk,66.003767,2.152514211
1262,bulk,66.004419,2.208236315
1262,bulk,66.005721,2.440691333
1262,bulk,66.006372,2.360345525
1262,bulk,66.007023,2.28875064
1262,bulk,66.007674,2.417278266
1262,bulk,66.008326,2.256386179
1262,bulk,66.008977,2.396855159
1262,bulk,66.009628,2.385098796
1262,bulk,66.010279,2.417481089
1262,bulk,66.01093,2.347604888
1262,bulk,66.011581,2.321153476
1262,bulk,66.012233,2.287139054
1262,bulk,66.012884,2.452643618
1262,bulk,66.013535,2.432869915
1262,bulk,66.014837,2.373020855
1262,bulk,66.015488,2.399215974
1262,bulk,66.01614,2.496341087
1262,bulk,66.016791,2.224345766
1262,bulk,66.017442,2.320162915
1262,bulk,66.018093,2.196443112
1262,bulk,66.018744,2.18889853
1262,bulk,66.019395,2.238441818
1262,bulk,66.020047,2.261600918
1262,bulk,66.020698,2.393882588
1262,bulk,66.021349,2.517265684
1262,bulk,66.022438,2.855096701
1262,bulk,66.022876,3.083655095
1262,bulk,66.023751,3.348272566
1262,bulk,66.024189,3.186794536
1262,bulk,66.024627,3.372500343
1262,bulk,66.025065,3.301362876
1262,bulk,66.025503,3.246818423
1262,bulk,66.025941,3.276639539
1262,bulk,66.026379,3.275605212
1262,bulk,66.026817,3.386157622
1262,bulk,66.027254,3.382080986
1262,bulk,66.027692,3.29678197
1262,bulk,66.029006,3.262660778
1262,bulk,66.03032,3.431939138
1262,bulk,66.031633,3.279329143
1262,bulk,66.032947,3.349541384
1262,bulk,66.03426,3.371606294
1262,bulk,66.035574,3.286750417
1262,bulk,66.036888,3.383790561
1262,bulk,66.038201,3.373138529
1262,bulk,66.039515,3.293589724
1262,bulk,66.040828,3.208758132
1262,bulk,66.042142,3.29013117
1262,bulk,66.043456,3.075716428
1262,bulk,66.046083,3.123595019
1262,bulk,66.047396,3.219273735
1262,bulk,66.04871,3.173270192
1262,bulk,66.050024,3.261165108
1262,bulk,66.051337,3.137898735
1262,bulk,66.052651,3.134033904
1262,bulk,66.053964,3.293009662
1262,bulk,66.055278,3.226265132
1262,bulk,66.056592,3.102983995
1262,bulk,66.058343,3.11568454
1262,bulk,66.059657,3.327751104
1262,bulk,66.06097,3.044898213
1262,bulk,66.062284,2.992301036
1262,bulk,66.063598,2.935038597
1262,bulk,66.064911,3.108393851
1262,bulk,66.066225,3.283963435
1262,bulk,66.067538,3.059950058
1262,bulk,66.068852,3.110982198
1262,bulk,66.070166,3.153735498
1262,bulk,66.071479,3.194953129
1262,bulk,66.072793,3.198149428
1262,bulk,66.074107,3.173712437
1262,bulk,66.07542,3.307573388
1262,bulk,66.076734,3.289025238
1262,bulk,66.078047,3.285558847
1262,bulk,66.079361,3.092562586
1262,bulk,66.080675,3.000762949
1262,bulk,66.081988,3.005961201
1262,bulk,66.083302,2.843212678
1262,bulk,66.084615,3.116279825
1262,bulk,66.085929,2.893099253
1262,bulk,66.087243,3.05446905
1262,bulk,66.088556,2.961855392
1262,bulk,66.08987,2.856058674
1262,bulk,66.091183,2.971804592
1262,bulk,66.092497,2.890327471
1262,bulk,66.093811,2.797224635
1262,bulk,66.095124,2.991127114
1262,bulk,66.096486,2.980221015
1262,bulk,66.097945,3.014269469
1262,bulk,66.099405,3.058161285
1262,bulk,66.100864,3.026352822
1262,bulk,66.102323,3.132700781
1262,bulk,66.103782,3.194582829
1262,bulk,66.105241,3.185108159
1262,bulk,66.1067,3.133927443
1262,bulk,66.108159,3.209805068
1262,bulk,66.109618,3.136524378
1262,bulk,66.111077,3.23692511
1262,bulk,66.112536,2.967701835
1262,bulk,66.113995,2.870607318
1262,bulk,66.115455,3.026859415
1262,bulk,66.116914,3.125889413
1262,bulk,66.118373,2.969619625
1262,bulk,66.12275,2.90058247
1262,bulk,66.124209,3.098903632
1262,bulk,66.125668,2.980887022
1262,bulk,66.127127,3.151306305
1262,bulk,66.128586,2.980611504
1262,bulk,66.130045,2.999490756
1262,bulk,66.131505,2.871368797
1262,bulk,66.132964,3.056509447
1262,bulk,66.134423,2.940946199
1262,bulk,66.135882,3.009438386
1262,bulk,66.137341,2.990844491
1262,bulk,66.1388,2.873952189
1262,bulk,66.140259,2.836411552
1262,bulk,66.141718,2.932915299
1262,bulk,66.143177,2.790920014
1262,bulk,66.144636,2.820522884
1262,bulk,66.146095,2.835451605
1262,bulk,66.147555,2.769703025
1262,bulk,66.149014,2.87347354
1262,bulk,66.150473,2.869394758
1262,bulk,66.151932,3.04575026
1262,bulk,66.153391,2.870325597
1262,bulk,66.15485,3.128071273
1262,bulk,66.156309,3.119581081
1262,bulk,66.157768,2.965481937
1262,bulk,66.159227,3.295585199
1262,bulk,66.160686,2.906850296
1262,bulk,66.162145,3.106568736
1262,bulk,66.163605,2.819949083
1262,bulk,66.165064,2.916869246
1262,bulk,66.166523,2.96222415
1262,bulk,66.167982,2.741114494
1262,bulk,66.169441,2.79258597
1262,bulk,66.172359,2.854568555
1262,bulk,66.173818,2.816311783
1262,bulk,66.175277,2.896733249
1262,bulk,66.176736,2.867059853
1262,bulk,66.179655,2.835803563
1262,bulk,66.181114,2.776965269
1262,bulk,66.182573,2.847552232
1262,bulk,66.184032,2.797939097
1262,bulk,66.185491,2.83620746
1262,bulk,66.18695,2.84601755
1262,bulk,66.188409,2.819649711
1262,bulk,66.189868,2.744508323
1262,bulk,66.191327,2.838636181
1262,bulk,66.192786,2.839560851
1262,bulk,66.194245,2.991887195
1262,bulk,66.195705,2.785511861
1262,bulk,66.197164,2.833774202
1262,bulk,66.198623,2.775877659
1262,bulk,66.200082,2.674013125
1262,bulk,66.201541,2.765290275
1262,bulk,66.203,2.805565728
1262,bulk,66.204543,2.721456088
1262,bulk,66.206086,2.59915383
1262,bulk,66.207629,2.50359426
1262,bulk,66.209171,2.660020314
1262,bulk,66.210714,2.647121576
1262,bulk,66.212257,2.76928105
1262,bulk,66.2138,2.854570704
1262,bulk,66.215343,2.983705612
1262,bulk,66.216886,2.938657188
1262,bulk,66.218429,2.91439195
1262,bulk,66.219971,2.88324736
1262,bulk,66.221514,2.79923074
1262,bulk,66.223057,2.79878219
1262,bulk,66.2246,2.757200455
1262,bulk,66.226143,2.765900254
1262,bulk,66.227686,2.693661464
1262,bulk,66.229229,2.68095922
1262,bulk,66.230771,2.805406915
1262,bulk,66.233857,2.727522569
1262,bulk,66.236943,2.740814592
1262,bulk,66.238486,2.839995972
1262,bulk,66.240029,2.896630888
1262,bulk,66.241571,2.951787262
1262,bulk,66.244657,2.905782812
1262,bulk,66.247743,2.824897509
1262,bulk,66.249286,2.760755013
1262,bulk,66.250829,2.754128457
1262,bulk,66.252371,2.74370767
1262,bulk,66.253914,2.754662726
1262,bulk,66.255457,2.691057033
1262,bulk,66.257,2.877711891
1262,bulk,66.261629,2.847418708
1262,bulk,66.263171,2.863006205
1262,bulk,66.264714,2.984217467
1262,bulk,66.266257,2.931061159
1262,bulk,66.269343,2.950258951
1262,bulk,66.270886,2.886002062
1262,bulk,66.272429,2.831531131
1262,bulk,66.273971,2.780486074
1262,bulk,66.275514,2.773833863
1262,bulk,66.277057,2.797293944
1262,bulk,66.2786,2.772294954
1262,bulk,66.280143,2.755041146
1262,bulk,66.281686,2.746382142
1262,bulk,66.283229,2.764934378
1262,bulk,66.284771,2.751697172
1262,bulk,66.286314,2.853815872
1262,bulk,66.287857,2.768633215
1262,bulk,66.2894,2.882911422
1262,bulk,66.290943,2.960195134
1262,bulk,66.292486,2.901277214
1262,bulk,66.294029,3.013485798
1262,bulk,66.295571,2.830644797
1262,bulk,66.297114,2.859346428
1262,bulk,66.298657,2.889822817
1262,bulk,66.3002,2.822061461
1262,bulk,66.301743,2.97907345
1262,bulk,66.303286,3.001662599
1262,bulk,66.304829,2.777248803
1262,bulk,66.306371,2.963735505
1262,bulk,66.307914,2.948826416
1262,bulk,66.309457,2.99904054
1262,bulk,66.311,2.911217271
1262,bulk,66.312828,3.055165795
1262,bulk,66.314655,2.851269444
1262,bulk,66.316483,3.172239936
1262,bulk,66.31831,3.356920205
1262,bulk,66.320138,3.172030057
1262,bulk,66.321966,3.299462785
1262,bulk,66.323793,2.867928587
1262,bulk,66.325621,2.831186418
1262,bulk,66.327448,2.827630683
1262,bulk,66.329276,2.818945615
1262,bulk,66.331103,2.883507702
1262,bulk,66.332931,2.916912771
1262,bulk,66.334759,3.083386442
1262,bulk,66.336586,2.996044354
1262,bulk,66.338414,2.963787908
1262,bulk,66.340241,3.006458173
1262,bulk,66.342069,3.045181648
1262,bulk,66.362172,2.874046252
1262,bulk,66.364,2.958704854
1262,bulk,66.365828,2.963194771
1262,bulk,66.367655,3.005555645
1262,bulk,66.369483,3.040704445
1262,bulk,66.37131,2.928345342
1262,bulk,66.373138,3.098447997
1262,bulk,66.374966,3.104474251
1262,bulk,66.376793,2.989406721
1262,bulk,66.378621,3.079099057
1262,bulk,66.380448,2.991158822
1262,bulk,66.382276,2.965485798
1262,bulk,66.384103,2.970094313
1262,bulk,66.385931,2.982637967
1262,bulk,66.387759,2.920165079
1262,bulk,66.389586,2.99119494
1262,bulk,66.391414,2.966948301
1262,bulk,66.393241,2.966972836
1262,bulk,66.395069,2.934408429
1262,bulk,66.396897,3.097290843
1262,bulk,66.398724,2.779733433
1262,bulk,66.400552,2.906214266
1262,bulk,66.402379,2.869537763
1262,bulk,66.404207,2.863772757
1262,bulk,66.406034,2.942065326
1262,bulk,66.407862,2.8447252
1262,bulk,66.40969,2.912818143
1262,bulk,66.413345,2.87255258
1262,bulk,66.415172,3.050940678
1262,bulk,66.417,3.016701964
1262,bulk,66.418622,2.910456918
1262,bulk,66.420245,3.027529848
1262,bulk,66.421867,2.937866653
1262,bulk,66.42349,3.02062633
1262,bulk,66.425112,2.942033492
1262,bulk,66.426735,2.846036329
1262,bulk,66.428357,2.951209667
1262,bulk,66.42998,2.916495083
1262,bulk,66.431602,2.938232864
1262,bulk,66.433224,3.066670661
1262,bulk,66.434847,3.091125684
1262,bulk,66.436469,3.168877108
1262,bulk,66.438092,3.169307447
1262,bulk,66.439714,3.13026512
1262,bulk,66.441337,3.217334093
1262,bulk,66.442959,3.170639761
1262,bulk,66.444582,3.113640126
1262,bulk,66.446204,3.067655279
1262,bulk,66.447827,3.149474634
1262,bulk,66.449449,3.071756156
1262,bulk,66.452694,2.980316338
1262,bulk,66.454316,3.018522689
1262,bulk,66.455939,3.146515637
1262,bulk,66.457561,3.280210812
1262,bulk,66.459184,3.078999317
1262,bulk,66.460806,3.054852299
1262,bulk,66.462429,3.077999264
1262,bulk,66.464051,3.162842298
1262,bulk,66.465673,3.120077326
1262,bulk,66.467296,3.092533016
1262,bulk,66.468918,3.089079226
1262,bulk,66.470541,3.096837566
1262,bulk,66.472163,3.112712062
1262,bulk,66.473786,3.013469184
1262,bulk,66.475408,3.073057565
1262,bulk,66.477031,2.965440587
1262,bulk,66.478653,3.080567757
1262,bulk,66.480276,2.960270389
1262,bulk,66.481898,3.099909757
1262,bulk,66.48352,2.919664688
1262,bulk,66.484602,3.083279437
1262,bulk,66.486765,3.106739391
1262,bulk,66.488388,2.951810636
1262,bulk,66.49001,2.910330363
1262,bulk,66.491633,2.820760297
1262,bulk,66.493255,2.819841459
1262,bulk,66.494878,2.768674313
1262,bulk,66.4965,2.867810828
1262,bulk,66.498122,2.785658523
1262,bulk,66.499745,2.875746994
1262,bulk,66.501367,2.875731727
1262,bulk,66.50299,2.990169575
1262,bulk,66.504612,3.016151325
1262,bulk,66.506235,2.910069016
1262,bulk,66.507857,2.890255668
1262,bulk,66.50948,2.899602686
1262,bulk,66.511102,2.843195981
1262,bulk,66.512724,2.869655899
1262,bulk,66.514347,2.919306752
1262,bulk,66.515969,2.850679277
1262,bulk,66.517592,2.733479359
1262,bulk,66.519214,2.833155699
1262,bulk,66.520837,2.873306876
1262,bulk,66.522459,2.879404877
1262,bulk,66.524014,3.062642995
1262,bulk,66.525536,3.0612397
1262,bulk,66.527057,2.815507438
1262,bulk,66.5301,3.049714876
1262,bulk,66.531621,2.989014041
1262,bulk,66.533142,2.908237975
1262,bulk,66.534664,2.835251087
1262,bulk,66.536185,2.80485305
1262,bulk,66.537706,2.720739764
1262,bulk,66.539227,2.826354361
1262,bulk,66.540749,2.834039164
1262,bulk,66.54227,2.846916805
1262,bulk,66.543791,2.957185139
1262,bulk,66.545313,3.01428509
1262,bulk,66.546834,3.047550631
1262,bulk,66.548355,3.068846351
1262,bulk,66.549877,2.970289818
1262,bulk,66.551398,3.086632437
1262,bulk,66.552919,2.983043204
1262,bulk,66.553934,2.995202246
1262,bulk,66.555455,2.982326261
1262,bulk,66.556976,2.983304514
1262,bulk,66.558498,2.957462066
1262,bulk,66.560019,2.909491437
1262,bulk,66.56154,2.850769362
1262,bulk,66.563062,2.929763062
1262,bulk,66.564583,2.887191486
1262,bulk,66.566104,2.86454325
1262,bulk,66.567626,2.943495636
1262,bulk,66.569147,2.830653729
1262,bulk,66.57219,2.908765458
1262,bulk,66.573711,2.953876632
1262,bulk,66.575232,2.833016805
1262,bulk,66.576754,2.921079484
1262,bulk,66.578275,2.950268188
1262,bulk,66.579796,2.93586223
1262,bulk,66.581318,3.17039364
1262,bulk,66.582839,3.215527639
1262,bulk,66.58436,3.185203532
1262,bulk,66.585882,3.117596486
1262,bulk,66.587403,3.12661829
1262,bulk,66.588924,2.973666621
1262,bulk,66.590445,2.906141391
1262,bulk,66.591967,2.937318381
1262,bulk,66.593488,2.923004399
1262,bulk,66.595009,2.979662227
1262,bulk,66.596531,2.999292729
1262,bulk,66.598052,3.033460759
1262,bulk,66.599573,2.91350786
1262,bulk,66.601095,2.836645867
1262,bulk,66.602616,2.939575797
1262,bulk,66.604137,3.028281282
1262,bulk,66.605659,3.068153485
1262,bulk,66.60718,3.035456197
1262,bulk,66.608701,3.02170204
1262,bulk,66.610223,3.032815263
1262,bulk,66.611744,3.2263743
1262,bulk,66.613773,2.93044397
1262,bulk,66.615294,2.942236086
1262,bulk,66.616815,2.83588004
1262,bulk,66.618336,2.905302212
1262,bulk,66.619858,2.794727045
1262,bulk,66.621379,2.680191988
1262,bulk,66.6229,2.846683371
1262,bulk,66.624422,2.765629172
1262,bulk,66.625943,2.852109187
1262,bulk,66.627464,2.912099109
1262,bulk,66.628986,3.105703771
1262,bulk,66.630533,3.156698031
1262,bulk,66.632132,2.957744895
1262,bulk,66.633731,2.931879165
1262,bulk,66.63533,2.922738999
1262,bulk,66.636929,2.745747361
1262,bulk,66.638528,2.844525882
1262,bulk,66.640127,2.854418145
1262,bulk,66.641726,3.003488
1262,bulk,66.643325,2.858810716
1262,bulk,66.644924,2.870756227
1262,bulk,66.646523,2.96225972
1262,bulk,66.648122,3.116577861
1262,bulk,66.649721,2.960677684
1262,bulk,66.65132,3.053673185
1262,bulk,66.652919,3.00522462
1262,bulk,66.653985,3.090502965
1262,bulk,66.655584,3.076205737
1262,bulk,66.65665,2.918295233
1262,bulk,66.658249,2.842564763
1262,bulk,66.659848,2.727019295
1262,bulk,66.661447,2.883889832
1262,bulk,66.663046,2.8199937
1262,bulk,66.664645,2.89156467
1262,bulk,66.666244,2.947570877
1262,bulk,66.667843,3.04735466
1262,bulk,66.669442,3.00275826
1262,bulk,66.671041,3.021968362
1262,bulk,66.67264,2.960321883
1262,bulk,66.674239,3.099889636
1262,bulk,66.675838,2.979437434
1262,bulk,66.677437,2.90444315
1262,bulk,66.679569,2.876824185
1262,bulk,66.681168,2.935239301
1262,bulk,66.682766,2.920464714
1262,bulk,66.684365,2.950100054
1262,bulk,66.685964,2.94466761
1262,bulk,66.687563,2.976866271
1262,bulk,66.689162,2.883318619
1262,bulk,66.690761,3.043775691
1262,bulk,66.69236,2.962801028
1262,bulk,66.693959,2.96518192
1262,bulk,66.695558,3.020923237
1262,bulk,66.697157,3.042596765
1262,bulk,66.698756,2.972360512
1262,bulk,66.700355,2.902144951
1262,bulk,66.701954,2.984498893
1262,bulk,66.703553,2.957994518
1262,bulk,66.705152,3.001561508
1262,bulk,66.706751,2.885735908
1262,bulk,66.70835,2.915017234
1262,bulk,66.709949,2.962177064
1262,bulk,66.711548,2.907584699
1262,bulk,66.714746,2.887446763
1262,bulk,66.716345,2.901672044
1262,bulk,66.717944,2.84889075
1262,bulk,66.719543,2.937198947
1262,bulk,66.721142,2.883843649
1262,bulk,66.722741,2.919624919
1262,bulk,66.72434,3.046118256
1262,bulk,66.725939,2.83631849
1262,bulk,66.727538,2.809466032
1262,bulk,66.729137,2.867136977
1262,bulk,66.730736,2.780613971
1262,bulk,66.732335,2.808647999
1262,bulk,66.733934,2.876400703
1262,bulk,66.735494,2.777534148
1262,bulk,66.736975,2.824802255
1262,bulk,66.738456,2.846520712
1262,bulk,66.739937,3.011957284
1262,bulk,66.741419,2.920512052
1262,bulk,66.7429,2.929980735
1262,bulk,66.744381,2.910909438
1262,bulk,66.745862,3.008870112
1262,bulk,66.747344,2.947249294
1262,bulk,66.748825,2.974837811
1262,bulk,66.750306,2.891096398
1262,bulk,66.751787,2.829817365
1262,bulk,66.753269,2.836127318
1262,bulk,66.75475,2.786649119
1262,bulk,66.756231,2.874000577
1262,bulk,66.757712,2.853426145
1262,bulk,66.759194,2.909206548
1262,bulk,66.760675,2.862986071
1262,bulk,66.762156,2.89595612
1262,bulk,66.763637,2.803894902
1262,bulk,66.765119,2.823420024
1262,bulk,66.7666,2.81053948
1262,bulk,66.768081,2.90330304
1262,bulk,66.769562,2.904778959
1262,bulk,66.771044,2.976666554
1262,bulk,66.772525,2.958197064
1262,bulk,66.774006,2.952549408
1262,bulk,66.775487,2.934459319
1262,bulk,66.776969,2.946921411
1262,bulk,66.77845,2.916721802
1262,bulk,66.779931,2.910604192
1262,bulk,66.782894,2.920016911
1262,bulk,66.784375,2.919431796
1262,bulk,66.785856,2.971136794
1262,bulk,66.787337,2.767622109
1262,bulk,66.788819,2.943202949
1262,bulk,66.7903,2.933227951
1262,bulk,66.791781,2.964888803
1262,bulk,66.794744,3.117018891
1262,bulk,66.796225,3.046263011
1262,bulk,66.797706,3.024984048
1262,bulk,66.799188,3.144198839
1262,bulk,66.800669,3.131282561
1262,bulk,66.80215,3.051034594
1262,bulk,66.803631,3.124937843
1262,bulk,66.805112,3.059682394
1262,bulk,66.806594,3.063343985
1262,bulk,66.808075,3.071503197
1262,bulk,66.809556,3.031540313
1262,bulk,66.811037,3.006488135
1262,bulk,66.812519,2.993380458
1262,bulk,66.814,3.000843142
1262,bulk,66.815973,3.052868827
1262,bulk,66.817945,3.165948234
1262,bulk,66.819918,3.16320243
1262,bulk,66.82189,3.226574323
1262,bulk,66.823863,3.150742756
1262,bulk,66.825836,3.135318136
1262,bulk,66.827808,3.114529428
1262,bulk,66.829781,3.223223683
1262,bulk,66.831753,3.13554632
1262,bulk,66.833726,3.099209041
1262,bulk,66.835699,3.183439978
1262,bulk,66.837671,3.178826638
1262,bulk,66.839644,3.116574714
1262,bulk,66.841616,3.176808653
1262,bulk,66.843589,3.225786301
1262,bulk,66.845562,3.227544472
1262,bulk,66.847534,3.183152369
1262,bulk,66.849507,3.264066271
1262,bulk,66.851479,3.093306162
1262,bulk,66.853452,3.123864584
1262,bulk,66.855425,3.249633778
1262,bulk,66.857397,3.241122558
1262,bulk,66.85937,3.148927402
1262,bulk,66.861342,3.210506928
1262,bulk,66.863315,3.159593985
1262,bulk,66.865288,3.176152286
1262,bulk,66.86726,3.201096354
1262,bulk,66.869233,3.16778286
1262,bulk,66.871205,3.098392451
1262,bulk,66.873178,3.101516147
1262,bulk,66.875151,3.152902232
1262,bulk,66.877123,3.140994826
1262,bulk,66.881068,3.275543603
1262,bulk,66.883041,3.128954822
1262,bulk,66.885014,3.23999387
1262,bulk,66.892904,3.097667551
1262,bulk,66.894877,3.026200151
1262,bulk,66.896849,2.965788992
1262,bulk,66.898822,3.092243935
1262,bulk,66.900795,3.12542043
1262,bulk,66.902767,3.029118547
1262,bulk,66.90474,3.031116738
1262,bulk,66.908685,3.10698842
1262,bulk,66.910627,3.042226573
1262,bulk,66.912506,3.027611569
1262,bulk,66.914386,3.111009883
1262,bulk,66.916265,3.022973213
1262,bulk,66.918145,2.948049325
1262,bulk,66.920024,2.921388034
1262,bulk,66.921904,2.950852935
1262,bulk,66.923783,3.039252926
1262,bulk,66.925663,3.052732487
1262,bulk,66.927542,3.059653927
1262,bulk,66.929422,2.95349959
1262,bulk,66.931301,2.991000528
1262,bulk,66.933181,2.958188533
1262,bulk,66.93506,3.053076414
1262,bulk,66.938819,3.07787197
1262,bulk,66.940699,3.094155862
1262,bulk,66.942578,2.972329841
1262,bulk,66.944458,3.030102856
1262,bulk,66.948217,3.050491772
1262,bulk,66.950096,3.093209722
1262,bulk,66.951976,3.070014844
1262,bulk,66.953855,3.10149642
1262,bulk,66.955735,2.854976565
1262,bulk,66.957614,2.987939515
1262,bulk,66.959494,3.119770442
1262,bulk,66.961373,3.064240189
1262,bulk,66.963253,2.920415921
1262,bulk,66.965133,2.934739139
1262,bulk,66.967012,2.877197432
1262,bulk,66.968892,2.962005966
1262,bulk,66.972651,2.94020335
1262,bulk,66.97453,3.117933732
1262,bulk,66.97641,3.004018035
1262,bulk,66.978289,2.966411445
1262,bulk,66.980169,2.927693001
1262,bulk,66.982048,3.048647632
1262,bulk,66.983928,2.95747949
1262,bulk,66.985807,2.837234435
1262,bulk,66.987687,2.790915781
1262,bulk,66.989566,2.881773879
1262,bulk,66.991446,2.699380084
1262,bulk,66.993325,2.797417109
1262,bulk,66.995205,2.7529335
1262,bulk,66.997084,2.949122228
1262,bulk,66.998964,2.939772031
1262,bulk,67.000843,2.952569654
1262,bulk,67.002723,2.91394486
1262,bulk,67.004602,2.922246114
1262,bulk,67.006482,2.908086552
1262,bulk,67.008361,2.977987809
1262,bulk,67.010241,2.951907399
1262,bulk,67.01212,3.120667831
1262,bulk,67.014,3.222590852
1262,bulk,67.01588,3.027770798
1262,bulk,67.017759,3.208910107
1262,bulk,67.021518,3.135356786
1262,bulk,67.023398,3.151085311
1262,bulk,67.025277,3.281816816
1262,bulk,67.027157,3.161910627
1262,bulk,67.029036,3.201650748
1262,bulk,67.030916,3.032519972
1262,bulk,67.032795,3.401087158
1262,bulk,67.034675,3.304150452
1262,bulk,67.036554,3.248594111
1262,bulk,67.038434,3.119745609
1262,bulk,67.040313,3.126838464
1262,bulk,67.042193,3.222938094
1262,bulk,67.044072,3.250508257
1262,bulk,67.045952,2.954488117
1262,bulk,67.047831,3.095994924
1262,bulk,67.049711,3.119911372
1262,bulk,67.05159,3.177054879
1262,bulk,67.05347,3.01029024
1262,bulk,67.055349,3.085268701
1262,bulk,67.057229,3.005862483
1262,bulk,67.059108,2.998042881
1262,bulk,67.060988,2.974734401
1262,bulk,67.062867,2.92038843
1262,bulk,67.064747,3.340227966
1262,bulk,67.066627,3.23874976
1262,bulk,67.068506,3.423865388
U1403,bulk,63.130681,1.804978468
U1403,bulk,63.173405,1.82
U1403,bulk,63.21612899,1.960768038
U1403,bulk,63.25885299,1.827020696
U1403,bulk,63.29089599,1.622429858
U1403,bulk,63.33361998,1.961437646
U1403,bulk,63.37634398,1.61
U1403,bulk,63.41906798,1.755996624
U1403,bulk,63.46179197,1.711731987
U1403,bulk,63.50451597,1.690726793
U1403,bulk,63.54296988,1.417385823
U1403,bulk,63.57189759,1.762528443
U1403,bulk,63.59118273,1.79536556
U1403,bulk,63.62332463,1.344798695
U1403,bulk,63.65546653,1.697248203
U1403,bulk,63.68760843,1.826278367
U1403,bulk,63.71975033,1.65
U1403,bulk,63.82144444,1.84
U1403,bulk,63.84057692,1.79026385
U1403,bulk,63.87536325,1.834316069
U1403,bulk,63.91014957,1.809132239
U1403,bulk,63.9449359,1.733055424
U1403,bulk,63.97972222,1.718660953
U1403,bulk,64.01450855,1.822328855
U1403,bulk,64.04929487,2.081331224
U1403,bulk,64.08234188,1.956612703
U1403,bulk,64.10147436,1.996615717
U1403,bulk,64.13626068,1.818082962
U1403,bulk,64.19047619,2.041369006
U1403,bulk,64.24571429,2.105438402
U1403,bulk,64.35619048,2.126530762
U1403,bulk,64.41142857,2.159113924
U1403,bulk,64.46390476,1.81688357
U1403,bulk,64.49428571,1.76432234
U1403,bulk,64.54806,1.89237454
U1403,bulk,64.58866,1.808272092
U1403,bulk,64.61708,1.84437517
U1403,bulk,64.64956,2.003256996
U1403,bulk,64.69016,2.078529114
U1403,bulk,64.76324,2.157762782
U1403,bulk,64.76324,1.818157167
U1403,bulk,64.76324,2.118039224
U1403,bulk,64.76324,2.023779126
U1403,bulk,64.78354,1.897702078
U1403,bulk,64.79369,1.9
U1403,bulk,64.82414,2.085031519
U1403,bulk,64.84444,2.07369554
U1403,bulk,64.84444,2
U1403,bulk,64.86474,2.156238617
U1403,bulk,64.86474,1.9
U1403,bulk,64.88504,2.2
U1403,bulk,64.89519,2
U1403,bulk,64.90534,2
U1403,bulk,64.92564,2.386578097
U1403,bulk,64.92564,2.3
U1403,bulk,64.95475781,2
U1403,bulk,64.9626875,1.9
U1403,bulk,64.97854688,2.175385943
U1403,bulk,64.97854688,2.159906139
U1403,bulk,64.97854688,2.1
U1403,bulk,64.98647656,2.1
U1403,bulk,64.99440625,2.285411625
U1403,bulk,64.99440625,1.9
U1403,bulk,64.99440625,1.893171629
U1403,bulk,65.00233594,1.9
U1403,bulk,65.01026563,1.996296521
U1403,bulk,65.01026563,1.9
U1403,bulk,65.01819531,2
U1403,bulk,65.01819531,2
U1403,bulk,65.01819531,2
U1403,bulk,65.026125,2
U1403,bulk,65.026125,2.081268736
U1403,bulk,65.026125,1.903211806
U1403,bulk,65.03405469,2
U1403,bulk,65.04198438,1.999916413
U1403,bulk,65.04991406,1.891880749
U1403,bulk,65.04991406,1.9
U1403,bulk,65.05784375,1.8
U1403,bulk,65.05784375,1.860182477
U1403,bulk,65.05784375,1.857597479
U1403,bulk,65.06577344,2
U1403,bulk,65.07370313,1.910895634
U1403,bulk,65.08163281,1.790905259
U1403,bulk,65.08163281,1.9
U1403,bulk,65.0895625,1.801012842
U1403,bulk,65.09749219,1.7
U1403,bulk,65.10700781,1.635879059
U1403,bulk,65.11335156,1.757342383
U1403,bulk,65.11335156,1.7
U1403,bulk,65.12128125,1.654311933
U1403,bulk,65.12921094,1.7
U1403,bulk,65.13714063,1.754811582
U1403,bulk,65.14507031,1.801088867
U1403,bulk,65.14507031,1.7
U1403,bulk,65.153,1.840974551
U1403,bulk,65.16092969,1.8
U1403,bulk,65.16885938,1.784770956
U1403,bulk,65.17678906,1.811559336
U1403,bulk,65.17678906,1.9
U1403,bulk,65.18471875,1.937568527
U1403,bulk,65.19264844,1.678776864
U1403,bulk,65.20057813,1.668468383
U1403,bulk,65.20057813,1.690386415
U1403,bulk,65.20057813,1.681078758
U1403,bulk,65.20850781,1.753182881
U1403,bulk,65.20850781,1.8
U1403,bulk,65.2164375,1.675031055
U1403,bulk,65.22436719,1.727316798
U1403,bulk,65.23229688,1.736724538
U1403,bulk,65.24022656,1.562419526
U1403,bulk,65.24022656,1.6
U1403,bulk,65.24815625,1.601442449
U1403,bulk,65.24815625,1.596488912
U1403,bulk,65.24815625,1.643595145
U1403,bulk,65.25608594,1.562781435
U1403,bulk,65.26401563,1.639044176
U1403,bulk,65.27194531,1.397330336
U1403,bulk,65.27194531,1.4
U1403,bulk,65.279875,1.378771425
U1403,bulk,65.28780469,1.6
U1403,bulk,65.29573438,1.612422274
U1403,bulk,65.29573438,1.596208936
U1403,bulk,65.29573438,1.608018651
U1403,bulk,65.30366406,1.547268672
U1403,bulk,65.31159375,1.553383612
U1403,bulk,65.31952344,1.563423543
U1403,bulk,65.31952344,1.6
U1403,bulk,65.32745313,1.5
U1403,bulk,65.32745313,1.5
U1403,bulk,65.32745313,1.5
U1403,bulk,65.33538281,1.507135655
U1403,bulk,65.3433125,1.581437779
U1403,bulk,65.35124219,1.602436801
U1403,bulk,65.35124219,1.6
U1403,bulk,65.35905263,1.524249735
U1403,bulk,65.36668421,1.352608525
U1403,bulk,65.37431579,1.223354195
U1403,bulk,65.38194737,1.199538857
U1403,bulk,65.38194737,1.3
U1403,bulk,65.38957895,1.315077648
U1403,bulk,65.39721053,1.341399303
U1403,bulk,65.40484211,1.128760687
U1403,bulk,65.40789474,1.304100125
U1403,bulk,65.40789474,1.4
U1403,bulk,65.41094737,1.377428945
U1403,bulk,65.414,1.335494445
U1403,bulk,65.41705263,1.383963113
U1403,bulk,65.42010526,1.328913704
U1403,bulk,65.42010526,1.4
U1403,bulk,65.42315789,1.442482465
U1403,bulk,65.42621053,1.325686376
U1403,bulk,65.42926316,1.208541214
U1403,bulk,65.42926316,1.290043878
U1403,bulk,65.42926316,1.4
U1403,bulk,65.43231579,1.22736449
U1403,bulk,65.43231579,1.3
U1403,bulk,65.43536842,1.305469744
U1403,bulk,65.43536842,1.204989239
U1403,bulk,65.43536842,1.3
U1403,bulk,65.43842105,1.239115154
U1403,bulk,65.43842105,1.207140705
U1403,bulk,65.43842105,1.3
U1403,bulk,65.44147368,1.319303821
U1403,bulk,65.44147368,1.278033625
U1403,bulk,65.44147368,1.3
U1403,bulk,65.44452632,1.4
U1403,bulk,65.44757895,1.322183494
U1403,bulk,65.44757895,1.4
U1403,bulk,65.45063158,1.367353238
U1403,bulk,65.45063158,1.355610995
U1403,bulk,65.45063158,1.3
U1403,bulk,65.45368421,1.267745509
U1403,bulk,65.45368421,1.339384174
U1403,bulk,65.45368421,1.3
U1403,bulk,65.45673684,1.268672645
U1403,bulk,65.45673684,1.4
U1403,bulk,65.45978947,1.414159163
U1403,bulk,65.45978947,1.3
U1403,bulk,65.46284211,1.419463527
U1403,bulk,65.46284211,1.428971349
U1403,bulk,65.46284211,1.278856253
U1403,bulk,65.46284211,1.384234544
U1403,bulk,65.46284211,1.4
U1403,bulk,65.46589474,1.3
U1403,bulk,65.46589474,1.214733135
U1403,bulk,65.46589474,1.323893616
U1403,bulk,65.46894737,1.4
U1403,bulk,65.46894737,1.25619414
U1403,bulk,65.472,1.393342037
U1403,bulk,65.472,1.3
U1403,bulk,65.472,1.25891933
U1403,bulk,65.47505263,1.4
U1403,bulk,65.47505263,1.345302514
U1403,bulk,65.47810526,1.091418637
U1403,bulk,65.47810526,1.4
U1403,bulk,65.48115789,1.5
U1403,bulk,65.48421053,1.4
U1403,bulk,65.48421053,1.446886087
U1403,bulk,65.48726316,1.4
U1403,bulk,65.48726316,1.433575136
U1403,bulk,65.49031579,1.5
U1403,bulk,65.49031579,1.264125617
U1403,bulk,65.49336842,1.4
U1403,bulk,65.49642105,1.4
U1403,bulk,65.49642105,1.456393909
U1403,bulk,65.49947368,1.4
U1403,bulk,65.49947368,1.44698617
U1403,bulk,65.50252632,1.081368672
U1403,bulk,65.50252632,1.4
U1403,bulk,65.50557895,1.4
U1403,bulk,65.50863158,1.4
U1403,bulk,65.50863158,1.380431415
U1403,bulk,65.51168421,1.397145165
U1403,bulk,65.51473684,1.22473547
U1403,bulk,65.52084211,1.254727999
U1403,bulk,65.52389474,1.242718118
U1403,bulk,65.52694737,1.127284151
U1403,bulk,65.52694737,0.820831667
U1403,bulk,65.52694737,1.132190058
U1403,bulk,65.53305263,1.143136192
U1403,bulk,65.53305263,1.119716925
U1403,bulk,65.53305263,1.120817831
U1403,bulk,65.53610526,1.085889095
U1403,bulk,65.53915789,1.113566664
U1403,bulk,65.54526316,1.330390246
U1403,bulk,65.54831579,1.287555005
U1403,bulk,65.55136842,1.183916418
U1403,bulk,65.55747368,1.303468097
U1403,bulk,65.56269091,1.393141872
U1403,bulk,65.57007273,1.142430544
U1403,bulk,65.58483636,1.37122384
U1403,bulk,65.59221818,1.350336216
U1403,bulk,65.59221818,1.332792222
U1403,bulk,65.60698182,1.243572203
U1403,bulk,65.61436364,1.295261345
U1403,bulk,65.62174545,1.275044713
U1403,bulk,65.62912727,1.365387349
U1403,bulk,65.63650909,1.182040264
U1403,bulk,65.64389091,1.284552535
U1403,bulk,65.65127273,1.089291894
U1403,bulk,65.65865455,1.085941168
U1403,bulk,65.66603636,0.968184502
U1403,bulk,65.67341818,1.257230057
U1403,bulk,65.6808,1.096597905
U1403,bulk,65.68818182,1.074795709
U1403,bulk,65.69556364,0.93376104
U1403,bulk,65.70294545,1.100701281
U1403,bulk,65.71032727,1.140033639
U1403,bulk,65.71770909,1.126522069
U1403,bulk,65.72509091,1.013652159
U1403,bulk,65.73247273,1.027941421
U1403,bulk,65.73985455,1.289256405
U1403,bulk,65.74723636,1.210875092
U1403,bulk,65.75461818,1.267955489
U1403,bulk,65.762,1.337095763
U1403,bulk,65.76951852,1.242711617
U1403,bulk,65.77703704,1.377009109
U1403,bulk,65.78455556,1.259349624
U1403,bulk,65.79207407,1.320582177
U1403,bulk,65.79959259,1.299653761
U1403,bulk,65.80711111,1.353003506
U1403,bulk,65.81462963,1.285597514
U1403,bulk,65.81462963,1.259832198
U1403,bulk,65.82214815,1.395243601
U1403,bulk,65.82966667,1.274696751
U1403,bulk,65.83718519,1.465601217
U1403,bulk,65.8447037,1.281438012
U1403,bulk,65.85222222,1.49922915
U1403,bulk,65.85974074,1.374811655
U1403,bulk,65.86725926,1.525567595
U1403,bulk,65.87477778,1.410239135
U1403,bulk,65.8822963,1.529654181
U1403,bulk,65.88981481,1.657944635
U1403,bulk,65.89733333,1.704180716
U1403,bulk,65.90485185,1.594834953
U1403,bulk,65.91237037,1.784063484
U1403,bulk,65.91988889,1.740274083
U1403,bulk,65.92740741,2.007727761
U1403,bulk,65.92740741,1.825875789
U1403,bulk,65.92740741,1.806728462
U1403,bulk,65.93492593,1.862477375
U1403,bulk,65.94244444,1.828627637
U1403,bulk,65.94996296,1.875529604
U1403,bulk,65.95748148,1.822827458
U1403,bulk,65.965,1.905936996
U1403,bulk,65.97018182,1.944950254
U1403,bulk,65.97536364,2.00992454
U1403,bulk,65.98054545,1.804775625
U1403,bulk,65.98572727,2.165690708
U1403,bulk,65.98831818,1.746011326
U1403,bulk,65.99609091,1.59380706
U1403,bulk,65.99609091,1.537808548
U1403,bulk,66.00127273,1.893108914
U1403,bulk,66.00645455,1.126023085
U1403,bulk,66.01163636,1.161830886
U1403,bulk,66.01681818,2.700656112
U1403,bulk,66.01681818,1.92263965
U1403,bulk,66.022,2.78930255
U1403,bulk,66.02444262,2.891875493
U1403,bulk,66.02688525,2.782597504
U1403,bulk,66.02932787,2.826728456
U1403,bulk,66.03177049,2.94323067
U1403,bulk,66.03177049,2.7995
U1403,bulk,66.03665574,2.933907649
U1403,bulk,66.03909836,2.883884655
U1403,bulk,66.04154098,2.917269642
U1403,bulk,66.04398361,2.863645529
U1403,bulk,66.04398361,2.840103713
U1403,bulk,66.04642623,2.903213394
U1403,bulk,66.04886885,2.820965206
U1403,bulk,66.05131148,2.765232682
U1403,bulk,66.0537541,2.806827699
U1403,bulk,66.05619672,2.779002067
U1403,bulk,66.05619672,2.765055556
U1403,bulk,66.05863934,2.780146154
U1403,bulk,66.06840984,2.752864622
U1403,bulk,66.06840984,2.804056497
U1403,bulk,66.08062295,2.685402778
U1403,bulk,66.09283607,2.801174619
U1403,bulk,66.10504918,2.693027778
U1403,bulk,66.1172623,2.512074614
U1403,bulk,66.12947541,2.571777778
U1403,bulk,66.13191803,2.464666667
U1403,bulk,66.14168852,2.386793116
U1403,bulk,66.14413115,2.448275365
U1403,bulk,66.15390164,2.587652778
U1403,bulk,66.16611475,2.535564506
U1403,bulk,66.16855738,2.459650752
U1403,bulk,66.17674528,2.4805
U1403,bulk,66.17866038,2.325805556
U1403,bulk,66.18536321,2.588995659
U1403,bulk,66.18823585,2.50318277
U1403,bulk,66.20738679,2.608844438
U1403,bulk,66.21696226,2.658916667
U1403,bulk,66.22653774,2.789432752
U1403,bulk,66.24568868,2.796458832
U1403,bulk,66.25334906,2.716935118
U1403,bulk,66.25526415,2.763166667
U1403,bulk,66.26483962,2.785273648
U1403,bulk,66.2725,2.705146723
U1403,bulk,66.28399057,2.769382652
U1403,bulk,66.29165094,2.754787097
U1403,bulk,66.29356604,2.709527778
U1403,bulk,66.30314151,2.746047441
U1403,bulk,66.32229245,2.741884723
U1403,bulk,66.33186792,2.743777778
U1403,bulk,66.3414434,2.786415062
U1403,bulk,66.36059434,2.716277675
U1403,bulk,66.37016981,2.732277778
U1403,bulk,66.3802449,2.718015634
U1403,bulk,66.40106122,2.666935706
U1403,bulk,66.41146939,2.594277778
U1403,bulk,66.42083673,2.62613387
U1403,bulk,66.44269388,2.660779565
U1403,bulk,66.45310204,2.556527778
U1403,bulk,66.4635102,2.584354546
U1403,bulk,66.48432653,2.61581941
U1403,bulk,66.49473469,2.580027778
U1403,bulk,66.49889796,2.571125
U1403,bulk,66.50514286,2.669373949
U1403,bulk,66.50930612,2.758935537
U1403,bulk,66.51971429,2.710055556
U1403,bulk,66.52595918,2.634165886
U1403,bulk,66.53012245,2.732672895
U1403,bulk,66.53636735,2.614777778
U1403,bulk,66.54053061,2.708375
U1403,bulk,66.54677551,2.628388229
U1403,bulk,66.55093878,2.716169573
U1403,bulk,66.56134694,2.695555556
U1403,bulk,66.56759184,2.680696534
U1403,bulk,66.5717551,2.754167029
U1403,bulk,66.57695918,2.550027778
U1403,bulk,66.58216327,2.703125
U1403,bulk,66.59257143,2.832412079
U1403,bulk,66.59881633,2.713020503
U1403,bulk,66.60297959,2.815555556
U1403,bulk,66.60922449,2.719777778
U1403,bulk,66.61338776,2.882013319
U1403,bulk,66.61963265,2.694057001
U1403,bulk,66.62379592,2.863375
U1403,bulk,66.63420408,2.838412738
U1403,bulk,66.64044898,2.875904451
U1403,bulk,66.64357143,2.851055556
U1403,bulk,66.65085714,2.774777778
U1403,bulk,66.65502041,2.830125
U1403,bulk,66.66126531,2.897165189
U1403,bulk,66.66542857,2.794467338
U1403,bulk,66.67583673,2.855555556
U1403,bulk,66.68208163,2.854290141
U1403,bulk,66.6862449,2.86605604
U1403,bulk,66.69353061,2.812027778
U1403,bulk,66.69665306,2.835625
U1403,bulk,66.70393878,2.932732987
U1403,bulk,66.70706122,2.835666559
U1403,bulk,66.71746939,2.855555556
U1403,bulk,66.7247551,2.946798417
U1403,bulk,66.72787755,2.799692701
U1403,bulk,66.73516327,2.823277778
U1403,bulk,66.73828571,2.88375
U1403,bulk,66.74557143,2.962135132
U1403,bulk,66.74869388,2.752981004
U1403,bulk,66.75910204,2.743055556
U1403,bulk,66.7695102,2.76901119
U1403,bulk,66.77991837,2.772
U1403,bulk,66.78972674,2.838129299
U1403,bulk,66.79841932,2.78175
U1403,bulk,66.80904358,2.834854748
U1403,bulk,66.818702,2.828120017
U1403,bulk,66.83801885,2.809659978
U1403,bulk,66.84767727,2.805
U1403,bulk,66.85733569,2.855996422
U1403,bulk,66.87665253,2.823061749
U1403,bulk,66.88631095,2.81325
U1403,bulk,66.89596938,2.809278024
U1403,bulk,66.91528622,2.869935266
U1403,bulk,66.92494464,2.80675
U1403,bulk,66.93460306,2.85286063
U1403,bulk,66.95391991,2.705681272
U1403,bulk,66.96357833,2.759606579
U1403,bulk,66.97323675,2.876125
U1403,bulk,66.98289517,2.771663721
U1403,bulk,67.00221201,2.827228504
U1403,bulk,67.01187044,2.882375
U1403,bulk,67.02152886,2.8201124
U1403,bulk,67.0408457,2.850781713
U1403,bulk,67.05050412,2.859875
U1403,bulk,67.06016254,2.868454508
U1403,bulk,67.07947939,2.880013846
U1403,bulk,67.08817197,2.895375
U1403,bulk,67.09879623,2.910254978
U1403,bulk,67.11811307,2.88591271
U1403,bulk,67.1277715,2.899375
U1403,bulk,67.13742992,2.854199322
U1403,bulk,67.15674676,2.823254804
U1403,bulk,67.16640518,2.844125
U1403,bulk,67.1760636,2.888420528
U1403,bulk,67.17896113,2.938420495
U1403,bulk,67.18861955,2.944277778
U1403,bulk,67.19506347,2.892984315
U1403,bulk,67.19768931,2.983470421
U1403,bulk,67.20381626,2.744125
U1403,bulk,67.21256904,2.897639463
U1403,bulk,67.21519488,2.887640576
U1403,bulk,67.22394766,2.845027778
U1403,bulk,67.23270045,2.917627495
U1403,bulk,67.23882739,2.741375
U1403,bulk,67.24758018,2.904588827
U1403,bulk,67.25020601,2.944497531
U1403,bulk,67.2589588,2.951527778
U1403,bulk,67.26508575,2.90776458
U1403,bulk,67.26771158,2.946290865
U1403,bulk,67.27383853,2.917625
U1403,bulk,67.27383853,2.714458804
U1403,bulk,67.28259131,2.929731529
U1403,bulk,67.28521715,3.030273002
U1403,bulk,67.29396993,2.911277778
U1403,bulk,67.30009688,3.037651786
U1403,bulk,67.30184744,3.07959779
U1403,bulk,67.30884967,2.886875
U1403,bulk,67.31760245,2.893179046
U1403,bulk,67.32022829,3.146671223
U1403,bulk,67.32898107,3.035527778
U1403,bulk,67.33510802,3.05147054
U1403,bulk,67.33773385,3.075020872
U1403,bulk,67.3438608,2.943125
U1403,bulk,67.35173831,2.976581257
U1403,bulk,67.35523942,3.106462737
U1403,bulk,67.3639922,3.097277778
U1403,bulk,67.37274499,3.089296371
U1403,bulk,67.39025056,3.050913272
U1403,bulk,67.39900334,3.073527778
U1403,bulk,67.40775612,3.092161063
U1403,bulk,67.42526169,3.038350424
U1403,bulk,67.4331392,3.018027778
U1403,bulk,67.44276726,3.069212196
U1403,bulk,67.46027283,3.101637388
U1403,bulk,67.46902561,2.988527778
U1403,bulk,67.4777784,2.957703937
U1403,bulk,67.49528396,2.966437469
U1403,bulk,67.50403675,2.903527778
U1403,bulk,67.51278953,3.023573966
U1403,bulk,67.5302951,3.080027603
U1403,bulk,67.53642205,2.917625
U1403,bulk,67.53904788,2.970777778
U1403,bulk,67.54517483,3.009604952
U1403,bulk,67.54780067,3.068106283
U1403,bulk,67.5626804,3.089291593
U1403,bulk,67.56443096,2.997565732
U1403,bulk,67.57143318,3.058125
U1403,bulk,67.57405902,2.945527778
U1403,bulk,67.58018597,3.060889157
U1403,bulk,67.5828118,3.074497651
U1403,bulk,67.59745075,2.988375225
U1403,bulk,67.60002677,2.930001474
U1403,bulk,67.60603747,3.033625
U1403,bulk,67.60861349,2.928277778
U1403,bulk,67.6146242,3.045716031
U1403,bulk,67.61720021,3.023586288
U1403,bulk,67.63179764,2.956895739
U1403,bulk,67.63437366,3.056870776
U1403,bulk,67.64296039,2.915277778
U1403,bulk,67.64811242,3.046720779
U1403,bulk,67.65154711,2.965748997
U1403,bulk,67.66614454,3.044294097
U1403,bulk,67.66872056,2.59617522
U1403,bulk,67.67473126,3.016875
U1403,bulk,67.67730728,2.914527778
U1403,bulk,67.68331799,2.938560769
U1403,bulk,67.685894,2.936981929
U1403,bulk,67.70049143,2.99027256
U1403,bulk,67.70306745,3.006471832
U1403,bulk,67.70907816,2.978625
U1403,bulk,67.71165418,2.853027778
U1403,bulk,67.71766488,2.958787254
U1403,bulk,67.7202409,2.865434942
U1403,bulk,67.73483833,2.916242139
U1403,bulk,67.73741435,2.955002664
U1403,bulk,67.74342505,2.945375
U1403,bulk,67.74600107,2.837527778
U1403,bulk,67.75201178,2.814938701
U1403,bulk,67.75458779,2.902956727
U1403,bulk,67.76918522,2.946892614
U1403,bulk,67.77176124,2.954867116
U1403,bulk,67.77691328,2.935875
U1403,bulk,67.78034797,2.891277778
U1403,bulk,67.78635867,2.892512228
U1403,bulk,67.80353212,2.879638614
U1403,bulk,67.80610814,2.880209961
U1403,bulk,67.81211884,2.883375
U1403,bulk,67.81469486,2.815777778
U1403,bulk,67.82070557,2.877275812
U1403,bulk,67.82328158,2.895705787
U1403,bulk,67.83787901,2.853534567
U1403,bulk,67.84045503,2.879213241
U1403,bulk,67.84646574,2.947875
U1403,bulk,67.84904176,2.908777778
U1403,bulk,67.85505246,2.799807441
U1403,bulk,67.85762848,2.887660654
U1403,bulk,67.87222591,2.897513489
U1403,bulk,67.88081263,2.979732076
U1403,bulk,67.88081263,2.761875
U1403,bulk,67.88939936,2.939277778
U1403,bulk,67.88939936,2.864268867
U1403,bulk,67.90571413,2.898517939
U1403,bulk,67.91515953,2.859625
U1403,bulk,67.92374625,2.743433413
U1403,bulk,67.9409197,2.87645221
U1403,bulk,67.94950642,2.938978259
U1403,bulk,67.95809315,2.907375
U1403,bulk,67.9752666,2.944638583
U1403,bulk,67.98385332,2.9645
U1403,bulk,67.9949819,2.947475452
U1403,bulk,68.01893363,2.93274484
U1403,bulk,68.0309095,2.933
U1403,bulk,68.04288537,2.816105194
U1403,bulk,68.0668371,2.97725
U1403,bulk,68.07881297,3.018435003
U1403,bulk,68.09078884,2.9965
U1403,bulk,68.10276471,2.962420659
U1403,bulk,68.10276471,2.931848594
U1403,bulk,68.11474057,2.96328125
U1403,bulk,68.12671644,2.926030399
U1403,bulk,68.12671644,3.040469969
U1403,bulk,68.13869231,3.037
U1403,bulk,68.15066817,2.910865862
U1403,bulk,68.15066817,2.976531246
U1403,bulk,68.16264404,2.90403125
U1403,bulk,68.17461991,2.846642017
U1403,bulk,68.17461991,2.985430926
U1403,bulk,68.18659578,3.0115
U1403,bulk,68.19857164,2.994261123
U1403,bulk,68.19857164,2.936642938
U1403,bulk,68.21054751,3.03928125
U1403,bulk,68.22252338,3.057763554
U1403,bulk,68.22252338,3.008428031
U1403,bulk,68.24647511,3.00976637
U1403,bulk,68.24647511,3.01297844
U1403,bulk,68.25845098,3.012916667
U1403,bulk,68.27042685,2.98678125
U1403,bulk,68.27042685,2.994981984
U1403,bulk,68.28240271,3.059863796
U1403,bulk,68.29437858,3.011919635
U1403,bulk,68.30635445,3.044416667
U1403,bulk,68.30635445,3.072223094
U1403,bulk,68.31833032,3.120277778
U1403,bulk,68.3195279,3.06426887
U1403,bulk,68.33030618,3.103488856
U1403,bulk,68.35425792,3.056793301
U1403,bulk,68.36623379,2.980527778
U1403,bulk,68.37820965,3.058739888
U1403,bulk,68.40487479,3.027706519
U1403,bulk,68.41854653,2.880777778
U1403,bulk,68.43221827,2.961280044
U1403,bulk,68.45956176,3.021359138
U1403,bulk,68.4732335,2.86828125
U1403,bulk,68.48690525,2.950164629
U1403,bulk,68.51424873,2.874164688
U1403,bulk,68.52792047,2.89453125
U1403,bulk,68.54159222,2.773762201
U1403,bulk,68.5689357,2.830915569
U1403,bulk,68.58260745,2.77553125
U1403,bulk,68.59627919,2.88460001
U1403,bulk,68.62362267,2.923085714
U1403,bulk,68.63729442,2.89128125
U1403,bulk,68.64959898,2.916959596
U1403,bulk,68.6646379,2.871957717
U1403,bulk,68.69198139,2.88278125
U1403,bulk,68.70565313,2.900499526
U1403,bulk,68.73299662,2.877524546
U1403,bulk,68.74666836,2.83728125
U1403,bulk,68.7603401,2.83696943
U1403,bulk,68.77401184,2.762054582